question,token_count,length_category
"What notable artistic or outdoor activities did India Brown participate in between April 1, 2020, and April 9, 2020?
A. India Brown attended a street art fest in Brazil.
B. India Brown took a photo of a feather and shells on a beach.
C. India Brown went hiking and sketching at a nearby national park.
D. India Brown received positive feedback on her artwork",11593,8k-16k
"What creative or social activities did India Brown participate in between April 16, 2020, at 06:22 and April 19, 2020, at 07:22?
A. India Brown ran a painting workshop for kids.
B. India Brown carved a mini sculpture from a soap bar.
C. India Brown has made friends while learning languages in Europe.
D. India Brown went on a trip to a park with her family",11593,8k-16k
"What significant personal and professional endeavors was India Brown engaged in between March 18, 2020, and March 24, 2020?
A. India Brown created a painting titled ""Euphoria"".
B. India Brown is learning Italian and German.
C. India Brown visited the Louvre in Paris.
D. India Brown is teaching art at an orphanage in Cambodi",11593,8k-16k
"What significant outdoor and artistic activities did India Brown participate in between March 14, 2020 and April 1, 2020?
A. India Brown had her first art show at a local gallery.
B. India Brown got invited to exhibit at a local gallery.
C. India Brown went hiking and sketching at a nearby national park.
D. India Brown went on a trip to a park with her family",11593,8k-16k
"What artistic endeavors did India Brown pursue between April 16, 2020, at 6:22 AM and April 19, 2020, at 7:22 AM?
A. India Brown did a live demonstration for her college art club.
B. India Brown carved a mini sculpture from a soap bar.
C. India Brown is working on a new series of abstract artworks based on her trip.
D. India Brown shared an image of a mural made by kids",11593,8k-16k
"What artistic or creative endeavors did India Brown pursue between April 14, 2020, and May 8, 2020?
A. India Brown took a photograph of a crowd viewing a painting at the Louvre.
B. India Brown is testing watercolors for her new series.
C. India Brown has a collection of CDs.
D. India Brown created a painting titled ""Euphoria""",11593,8k-16k
"What significant artistic engagements did India Brown participate in between February 13, 2020, at 19:45 and March 7, 2020, at 09:27?
A. India Brown attended a street art fest in Brazil.
B. India Brown had her first art show at a local gallery.
C. India Brown did a live demonstration for her college art club.
D. India Brown went on a trip to a park with her family",11593,8k-16k
"What artistic endeavors or personal collections did India Brown focus on between April 19, 2020, and April 24, 2020?
A. India Brown received positive feedback on her artwork.
B. India Brown got invited to exhibit at a local gallery.
C. India Brown has a collection of CDs.
D. India Brown carved a mini sculpture from a soap bar",11593,8k-16k
"What diverse activities and interests did India Brown pursue between February 13, 2020, at 19:45 and March 7, 2020, at 09:27?
A. India Brown went on a trip to a park with her family.
B. India Brown attended a street art fest in Brazil.
C. India Brown is learning Spanish.
D. India Brown has a collection of CDs",11593,8k-16k
"What notable artistic or personal activities did India Brown engage in between April 14, 2020, and May 8, 2020?
A. India Brown had her first art show at a local gallery.
B. India Brown shared an image of a mural made by kids.
C. India Brown took a photo of a feather and shells on a beach.
D. India Brown went on a trip to a park with her family",11593,8k-16k
"What significant personal and travel-related activities did Michelle Mateo engage in between February 5, 2020, and February 11, 2020?
A. Michelle Mateo joined a psych book club.
B. Michelle Mateo hiked to Mount Everest Base Camp.
C. Michelle Mateo recommended Kyoto during cherry blossom season.
D. Michelle Mateo started her Masters in Psychology",5231,0k-8k
"What significant personal and exploratory endeavors did Michelle Mateo undertake between January 15, 2020, and February 5, 2020?
A. Michelle Mateo recommended Nara for its friendly deer and Todai-ji Temple.
B. Michelle Mateo started her Masters in Psychology.
C. Michelle Mateo shared an image of a garden with a blue shed and a path.
D. Michelle Mateo hiked to Mount Everest Base Camp",5231,0k-8k
"What unique experiences or activities did Michelle Mateo engage in between February 11, 2020, and March 7, 2020?
A. Michelle Mateo shared an image of a person holding a book.
B. Michelle Mateo recommended Nara for its friendly deer and Todai-ji Temple.
C. Michelle Mateo uses a vintage camera.
D. Michelle Mateo made an Italian meal for her friends",5231,0k-8k
"What notable experiences or activities did Michelle Mateo engage in between February 11, 2020, and March 7, 2020?
A. Michelle Mateo had a VR session for her psychology studies.
B. Michelle Mateo attended a ballet performance.
C. Michelle Mateo started her Masters in Psychology.
D. Michelle Mateo recommended Nara for its friendly deer and Todai-ji Templ",5231,0k-8k
"What significant psychology-related activities did Michelle Mateo participate in between March 7, 2020, and April 13, 2020?
A. Michelle Mateo started her Masters in Psychology.
B. Michelle Mateo joined a psych book club.
C. Michelle Mateo attended a psychology conference.
D. Michelle Mateo shared an image of a person holding a book",5231,0k-8k
"What diverse experiences did Michelle Mateo engage in between February 11, 2020, at 05:07 AM and February 17, 2020, at 09:13 AM?
A. Michelle Mateo joined a psych book club.
B. Michelle Mateo attended a ballet performance.
C. Michelle Mateo hiked to Mount Everest Base Camp.
D. Michelle Mateo recommended Nara for its friendly deer and Todai-ji Templ",5231,0k-8k
"What notable personal and professional activities was Michelle Mateo involved in between February 11, 2020, at 09:13 AM and March 7, 2020?
A. Michelle Mateo hiked to Mount Everest Base Camp.
B. Michelle Mateo uses a vintage camera.
C. Michelle Mateo joined a psych book club.
D. Michelle Mateo gave a presentation at the psychology conferenc",5231,0k-8k
"What activities or interests did Michelle Mateo share or engage in between April 13, 2020, at 07:26:00 and April 14, 2020, at 07:26:00?
A. Michelle Mateo shared an image of a person holding a book.
B. Michelle Mateo is starting a potted herb garden.
C. Michelle Mateo recommended Nara for its friendly deer and Todai-ji Temple.
D. Michelle Mateo added ""The Power of Now"" by Eckhart Tolle to her reading lis",5231,0k-8k
"What activities related to books, photography, or technology did Michelle Mateo engage in between April 13, 2020, at 07:26:00 and April 14, 2020, at 07:26:00?
A. Michelle Mateo added ""The Power of Now"" by Eckhart Tolle to her reading list.
B. Michelle Mateo shared an image of a person holding a book.
C. Michelle Mateo had a VR session for her psychology studies.
D. Michelle Mateo uses a vintage camer",5231,0k-8k
"What notable personal and professional activities did Michelle Mateo engage in between March 7, 2020, and April 13, 2020?
A. Michelle Mateo gave a presentation at the psychology conference.
B. Michelle Mateo shared an image of a garden with a blue shed and a path.
C. Michelle Mateo joined a psych book club.
D. Michelle Mateo made an Italian meal for her friends",5231,0k-8k
"If Akib did not ask Muhhamed who they would choose to switch lives with between 06:01:30 and 06:07:40 on January 12, 2024, what notable interactions or personal experiences did Akib have between 06:01:30 and 06:07:40 on January 12, 2024?
A.Akib ordered food delivery to combat his unusual hunger.
B.There is no answer.
C.Akib doubted his ability to lead a country effectively.  
D.Akib considered switching lives with a powerful figure to enact positive global chang",69646,64k-128k
"What running-related activities and achievements did Emily engage in or share between August 10, 2022, at 10:11 AM and August 13, 2022, at 7:06 AM, if Emily shared tips about running with a group on August 14, 2022?
A.Emily led a running group in the park.  
B.Emily ran 6 miles on a trail.  
C.There is no answer.
D.Emily completed a 10K rac",17666,16k-32k
When did Elise share a photo of an A380 parked at an airport terminal?,40919,32k-64k
"What was the third activity Matt did with his new basketball after joining the team?
A.Playing basketball with his team.  
B.Playing basketball with his friends.
C.Participating in a basketball tournament.  
D.Shooting hoops at a local park",29727,16k-32k
"What did Paul take a photo of during a Dream Theater concert in just 21 years after 12:00 am, March 01, 2023?  
A.Paul took a photo of a band performing on stage at the Dream Theater concert.  
B.Paul took a photo of the crowd at the Dream Theater concert during their most popular song.
C.Paul took a photo of the stage at the Dream Theater concert during their opening song.  
D.Paul took a photo of the lead singer playing a guitar solo during the concer",23264,16k-32k
"Which of the following two durations is longer? *Duration 1:* Between Samantha painted a cute cat design on her T-shirt. and Samantha went hiking at a nearby national park last month. *Duration 2:* Between James joined a hiking group. and Samantha watched the documentary ""Cowspiracy"" last week.
A. Duration 1 is longer.
B. Duration 2 is longer.
C. The two durations are approximately the same length.",19307,16k-32k
"What interactions or concerns did Nebraas have regarding health or personal matters between 21:37:36 and 21:41:41 on January 18, 2024, if Nebraas did not slip on ice and hurt their back?
A.Nebraas was worried about Moon adjusting to the new home.  
B.Nebraas experienced fatigue from their earlier run.  
C.There is no answer.
D.Nebraas discussed dietary plans with Vaness",70805,64k-128k
"How much time passed from Roy comparing life to discovering new things and facing challenges until he switched careers from nursing to cartography? (Please answer using natural time expressions that combine appropriate units based on duration length, e.g. ""2 months 4 days"" for 64 days or ""64 days"" for shorter spans)",25300,16k-32k
When is Cheryl taking coding classes?,25103,16k-32k
When did Grace perform in front of a big crowd during the dance competition?,17621,16k-32k
"What was the duration from the time Charlie started restoring a classic car until Doug owned an old gramophone? (Please answer using natural time expressions that combine appropriate units based on duration length, e.g. ""2 months 4 days"" for 64 days or ""64 days"" for shorter spans)",39334,32k-64k
"What was the duration between Nate owning a bookcase filled with books and Joanna receiving a letter from someone who was comforted by her blog post? (Please answer using natural time expressions that combine appropriate units based on duration length, e.g. ""2 months 4 days"" for 64 days or ""64 days"" for shorter spans)",34684,32k-64k
"What personal experiences and interests did Dave explore between October 15, 2023, and November 1, 2023, if he did not attend a conference in Detroit during that period?
A.Dave admires the architecture and history of Boston.
B.Dave restored a Ford Mustang from a junkyard.  
C.Dave explored culinary arts in Boston.
D.Dave completed restoring his car to pristine conditi",35602,32k-64k
What time is Gina attending Jon's dance event next month?,21052,16k-32k
"Below are 8 facts. You need to sort these facts in chronological order. Requirements: Your output format must be numbers enclosed in parentheses without any other symbols or whitespace. For example: (1)(5)(2)(7)(3)(8)(6)(4)

(1) Amy recommended Old Man's Cave in Hocking Hills for beginners.
(2) Amy hiked Mount Adams.
(3) Amy had a picnic with friends at a scenic spot last weekend.
(4) Amy’s goal for the half marathon is to have fun and finish strong.
(5) Amy went on a hike and picked up trash with her pals.
(6) Amy hiked up a whole mountain.
(7) Amy hiked up a volcano a week ago.
(8) Amy hiked the Mount Rogers Trail in Virginia.
",17666,16k-32k
"For Fact1: Audrey’s dogs were calm after grooming. and Fact2: Audrey’s second pet is playful., which one happened earlier?  
A. Fact 1 happened earlier.  
B. Fact 2 happened earlier.  
C. They happen at almost the same time.",39124,32k-64k
"What was Daniel Parker's most recent activity before 2:52 pm, April 13, 2020?  
A.Daniel Parker completed a photography workshop.
B.Daniel Parker joined a psych book club.  
C.Daniel Parker attended a sustainable farming workshop.
D.Daniel Parker made sauerkraut through fermenting vegetables",5231,0k-8k
"What was John's third initiative to support veterans in 2023?
A.Participating in a marching event for veterans' rights.
B.Organizing a job fair for veterans seeking employment.
C.Initiating a petition to support veterans' benefits.  
D.Setting up a 5K charity run for veterans and their families",39257,32k-64k
"What notable suggestions or activities was Nicolas involved in between January 13, 2024, 06:38:40 and January 14, 2024, 06:24:43?
A. Nicolas expressed frustration with retail work and suggested retail workers should be allowed one fist fight per month or career.
B. Nicolas is helping a friend who is a manager at Starbucks.
C. Nicolas suggested vacationing in Alaska.
D. Nicolas does not have insuranc",85757,64k-128k
"What was the time interval between Muhhamed reflecting on video games and older people's perceptions of them and comparing Batman Arkham Asylum's combat to Spider-Man PS4's combat? (Please answer using natural time expressions that combine appropriate units based on duration length, e.g. ""2 months 4 days"" for 64 days or ""64 days"" for shorter spans)",52354,32k-64k
"Which of the following two durations is longer? *Duration 1:* Between Akib ordered an Italian sub for lunch. and Fahim Khan saw a polar bear at a zoo when he was younger. *Duration 2:* Between Akib was out during the day due to good weather. and Fahim Khan attended a funeral.
A. Duration 1 is longer.
B. Duration 2 is longer.
C. The two durations are approximately the same length.",80897,64k-128k
When did Muhhamed’s sister participate in a high school play?,52354,32k-64k
"Below are 8 facts. You need to sort these facts in chronological order. Requirements: Your output format must be numbers enclosed in parentheses without any other symbols or whitespace. For example: (1)(5)(2)(7)(3)(8)(6)(4)

(1) Melanie recently purchased pink sneakers for running.
(2) Melanie has a family that includes children.
(3) Melanie shared a photo of a dirt road surrounded by trees with yellow leaves.
(4) Melanie made a plate in pottery class yesterday.
(5) Melanie signed up for a pottery class.
(6) Melanie went to the beach with her kids.
(7) Melanie went on a trail walk with her child.
(8) Melanie shared a photo of a sign posted on a door stating that someone is not being able to leave.
",26398,16k-32k
When did Samantha throw a birthday bash for Luna last weekend?,19307,16k-32k
"What was the second event Akib completed after returning from visiting family in January 2024?
A.Observing the iguana's preferred sun spots.  
B.Discussing the rapid development of technology.
C.Connecting security cameras to monitor the iguana.  
D.Planning a corporate strategy meeting",80897,64k-128k
"Which of the following two durations is longer? *Duration 1:* Between Liam is writing new songs. and John played a Beatles tune on his bass guitar last weekend. *Duration 2:* Between John noticed Liam’s red scarf. and Liam's new apartment is closer to his band's rehearsal studio.
A. Duration 1 is longer.
B. Duration 2 is longer.
C. The two durations are approximately the same length.",12889,8k-16k
"At the same time as Ned has a ticket from a long trip to the theater, what is John's current occupational status?
A.John is a baseball coach.
B.John is retired.
C.John is a bakery owner.  
D.John is a community theater actor",24255,16k-32k
"For Fact1: Megan’s non-profit partners with local organizations on clean-up drives. and Fact2: Jeff takes hot baths with essential oils to relax., which one happened earlier?  
A. Fact 1 happened earlier.  
B. Fact 2 happened earlier.  
C. They happen at almost the same time.",27287,16k-32k
"What significant personal experiences or activities involving Melanie occurred between October 7, 2023, and October 16, 2023, if Melanie's son was not okay after the accident?
A.Melanie has two children who were scared but reassured after the accident.
B.Melanie’s son underwent emergency surgery following the accident.
C.Melanie has three children who were scared but reassured after the accident.  
D.Melanie’s children were not involved in the accident and remained unharmed",26398,16k-32k
"Which of the following two durations is longer? *Duration 1:* Between Paola was preparing to go to a friend’s house. and Kevin is exploring options for graduate school in law. *Duration 2:* Between Paola does not have personal experience with specific hiking spots. and Kevin made food with his mom a week ago.
A. Duration 1 is longer.
B. Duration 2 is longer.
C. The two durations are approximately the same length.",40099,32k-64k
"Below are 8 facts. You need to sort these facts in chronological order. Requirements: Your output format must be numbers enclosed in parentheses without any other symbols or whitespace. For example: (1)(5)(2)(7)(3)(8)(6)(4)

(1) Daniel Parker recommended Costa Rica for volunteering.
(2) Daniel Parker got a promotion.
(3) Daniel Parker started learning Japanese.
(4) Daniel Parker recommends Insight Timer for guided meditations.
(5) Daniel Parker is heading to Yosemite for hiking.
(6) Daniel Parker is reading ""Educated"" and ""The Alchemist"" by Paulo Coelho.
(7) Daniel Parker went on a road trip.
(8) Daniel Parker shared an image of a group of people doing yoga on a beach.
",5231,0k-8k
"When Nicolas ate diner food, what academic obligation was Nebraas fulfilling?
A.Studied to become a doctor.  
B.Attended classes.
C.Worked at a bubble tea shop.  
D.Prepared for midterm exams",92853,64k-128k
When did Alex attend prayer circles and seek support from church friends?,25164,16k-32k
"For Fact1: Doug has a love for classic cars. and Fact2: Charlie has back issues related to car repair., which one happened earlier?  
A. Fact 1 happened earlier.  
B. Fact 2 happened earlier.  
C. They happen at almost the same time.",39334,32k-64k
"What was the next workplace incident Nebraas encountered after adopting their cat Moon?
A.Slipping on ice during work hours.  
B.Setting boundaries with a flirty coworker.  
C.Almost getting into a fight at work.
D.Burning a batch of pastries",70805,64k-128k
"What was Jack's most recent health update after 12:00 am, August 17, 2023?  
A.Jack felt overwhelmed and drained after the incident.  
B.Jack was diagnosed with a respiratory infection.
C.Jack was feeling tired but doing a bit better.
D.Jack was recuperating at home from an injury",26028,16k-32k
"Below are 8 facts. You need to sort these facts in chronological order. Requirements: Your output format must be numbers enclosed in parentheses without any other symbols or whitespace. For example: (1)(5)(2)(7)(3)(8)(6)(4)

(1) Audrey Marn painted a sunset over a lake using watercolor pencils.
(2) Audrey Marn attended a music festival last month.
(3) Audrey Marn started a travel blog focused on Japanese tea houses.
(4) Audrey Marn found the journal design at a stationery store downtown.
(5) Audrey Marn started a bullet journal with a drawing of flowers and leaves.
(6) Audrey Marn has an image of two people hiking up a rocky trail in the woods.
(7) Audrey Marn uses books, language apps, and shows with subtitles for learning.
(8) Audrey Marn and her mom still listen to music and chat about it.
",12394,8k-16k
"What was Nicolas's most recent concern expressed before 11:05 pm, January 12, 2024? 
A.Nicolas expressed concern about the cost of vegan alternatives.  
B.Nicolas expressed concern about the quality of buffet fruit.  
C.Nicolas expressed concern about the expiration dates of condiments.
D.Nicolas expressed concern about the hygiene of food servers",85757,64k-128k
"Which of the following two durations is longer? *Duration 1:* Between Molly focuses on nature and exploration in her art. and Tom took a photograph of a forest with a bench for stargazing. *Duration 2:* Between Molly found some rocks and stayed safe during the sandstorm. and Molly believes storms show nature’s raw power and beauty.
A. Duration 1 is longer.
B. Duration 2 is longer.
C. The two durations are approximately the same length.",22660,16k-32k
"What was Andrew's most recent work-related action after 3:52 pm, July 27, 2023?  
A.Andrew searched for a dog-friendly place.  
B.Andrew took a break from work.
C.Andrew volunteered at a pet shelter.  
D.Andrew received a promoti",39124,32k-64k
"What was the duration between Nate dyeing his hair purple and making colorful bowls of coconut milk ice cream? (Please answer using natural time expressions that combine appropriate units based on duration length, e.g. ""2 months 4 days"" for 64 days or ""64 days"" for shorter spans)",34684,32k-64k
"When Jack has a white wall with black lettering that says ""30 positive suites,"" what concern does he express regarding Ellen's well-being?
A.Jack expressed concern about Ellen’s antique collecting habits.  
B.Jack expressed concern about Ellen’s injury and recovery.
C.Jack expressed concern about Ellen’s ability to return to dance performances.
D.Jack expressed concern about Ellen’s dedication to physical therapy",26028,16k-32k
When did James recommend the Academy of Sciences for its living roof and marine life area?,19307,16k-32k
"At the same time as Elise’s New Year's resolutions include focusing on school and work, what do Kevin’s resolutions prioritize?
A.Kevin’s New Year's resolutions include improving his max bench press.  
B.Kevin’s New Year's resolutions include enhancing his squat performance.  
C.Kevin’s New Year's resolutions include maintaining a high GPA.
D.Kevin’s New Year's resolutions include working on his 5k run tim",38789,32k-64k
"For Fact1: Diana uses online research and reviews to find hiking trails. and Fact2: Megan went on a family road trip to the Grand Canyon in summer 2021., which one happened earlier?  
A. Fact 1 happened earlier.  
B. Fact 2 happened earlier.  
C. They happen at almost the same time.",19803,16k-32k
"What significant personal achievements and activities was Jennifer Lofquist involved in between March 15, 2020, at 09:26:00 and March 23, 2020, at 17:45:00?
A. Jennifer Lofquist got into her dream art school.
B. Jennifer Lofquist had a dream about painting in a garden surrounded by butterflies.
C. Jennifer Lofquist is practicing the Crow pose in yoga.
D. Jennifer Lofquist's artwork was published in a local magazi",12760,8k-16k
"What significant personal events and activities did Ned experience or undertake between January 20, 2023, and February 12, 2023?
A. Ned visited an amusement park in Sinaloa with his kids.
B. Ned’s youngest daughter Lisa turned one.
C. Ned's car stopped working.
D. Ned bought a new car for $20,000",24255,16k-32k
"Which of the following are time expressions mentioned in the context? (Note: There may be one or more correct options. And the time expressions are mentioned directly or indirectly in the context.)
A. 2021
B. April 16, 2020
C. January 31, 2020
D. June 9, 2020",12394,8k-16k
"What significant personal and culinary activities did James undertake between October 12, 2023, and November 4, 2023?
A. James adopted a cat named Whiskers from a shelter.
B. James made vegan sushi and lentil curry.
C. James went on a road trip to upstate NY and visited a wildlife sanctuary.
D. James made tofu stir-fry",19307,16k-32k
"For Fact1: Jennifer Lofquist is taking yoga classes. and Fact2: Sharon Gomes visited the Eiffel Tower last summer and painted it., which one happened earlier?  
A. Fact 1 happened earlier.  
B. Fact 2 happened earlier.  
C. They happen at almost the same time.",12760,8k-16k
"What was the third significant occurrence in Angela's life following her brother's sickness?
A.She had a press conference to discuss her cold cure.  
B.Her coworker Lucas moved for a new job.
C.She bonded with her coworker Lucas over sci-fi books.  
D.Her coworker Lucas received a promotion at work",25513,16k-32k
"Which of the following two durations is longer? *Duration 1:* Between Doug has a collection of vintage music records. and Doug recently took a Chevrolet Impala for a drive. *Duration 2:* Between Doug is learning to play the piano. and Doug is restoring a car.
A. Duration 1 is longer.
B. Duration 2 is longer.
C. The two durations are approximately the same length.",39334,32k-64k
"What was Tiffany's most recent activity related to social media after Tiffany shared an image of a hand holding a letter from NASA?  
A.Tiffany shared a photo of a notebook with a motivational quote.
B.Tiffany shared a photo of an easel with a blank canvas.  
C.Tiffany shared a photo of her new workout routine.
D.Tiffany shared a photo of a painting with a blue and yellow desig",40676,32k-64k
"Which of the following two durations is longer? *Duration 1:* Between Liam is writing new songs. and John played a Beatles tune on his bass guitar last weekend. *Duration 2:* Between Liam is practicing and hustling for more gigs. and Liam is working on promoting the EP and growing the band's fanbase.
A. Duration 1 is longer.
B. Duration 2 is longer.
C. The two durations are approximately the same length.",12889,8k-16k
"What significant personal and creative endeavors was Liam involved in between November 2, 2022, at 08:14 AM and November 5, 2022, at 08:44 AM?
A. Liam practices strength, endurance, and lion dance moves.
B. Liam is working on a guitar project.
C. Liam moved to a new studio apartment in the city.
D. Liam may need help with guitar parts for the songs",12889,8k-16k
"Which of the following two durations is longer? *Duration 1:* Between Alice took a photograph of a band performing on stage. and Margaret painted a sunset over a body of water last week. *Duration 2:* Between Margaret finds nature to be a stress-free escape. and Margaret had a creative weekend with lots of yummy food.
A. Duration 1 is longer.
B. Duration 2 is longer.
C. The two durations are approximately the same length.",20573,16k-32k
"Which of the following two durations is longer? *Duration 1:* Between Liam is writing new songs. and Liam is reading books about music. *Duration 2:* Between Liam is writing new songs. and John played a Beatles tune on his bass guitar last weekend.
A. Duration 1 is longer.
B. Duration 2 is longer.
C. The two durations are approximately the same length.",12889,8k-16k
"For Fact1: Joan volunteered at a food bank. and Fact2: Grace is looking for a book to read., which one happened earlier?  
A. Fact 1 happened earlier.  
B. Fact 2 happened earlier.  
C. They happen at almost the same time.",17621,16k-32k
"What was the third book Fahim Khan started reading after finishing Pachinko?
A.Reading ""Ducks, Newburyport"" by Lucy Ellmann.  
B.Reading ""The Hobbit"" by J.R.R. Tolkien.
C.Reading Stephen King's 11/22/63.
D.Reading ""2666"" by Roberto Bolañ",52354,32k-64k
"Which of the following two durations is longer? *Duration 1:* Between Evan shared news of his marriage with his extended family. and Evan apologized for the incident and the person was understanding. *Duration 2:* Between Evan shared news of his marriage with his extended family. and Evan has a partner who understands him.
A. Duration 1 is longer.
B. Duration 2 is longer.
C. The two durations are approximately the same length.",29268,16k-32k
"Which of the following two durations is longer? *Duration 1:* Between Rosalva Gischer attended coding meetups recently. and Audrey Marn uses books, language apps, and shows with subtitles for learning. *Duration 2:* Between Rosalva Gischer borrowed novels and comics from the library. and Rosalva Gischer started volunteering at a community center teaching coding to kids in need.
A. Duration 1 is longer.
B. Duration 2 is longer.
C. The two durations are approximately the same length.",12394,8k-16k
"What activities was Audrey engaged in between October 18, 2023, at 09:06:00 and October 21, 2023, at 14:13:00?
A. Audrey is researching to find a nice hiking spot for the hike.
B. Audrey donates a portion of her jewelry profits to an animal shelter.
C. Audrey is unboxing packed boxes after moving.
D. Audrey considers herself a doggy mom",39124,32k-64k
"While Ellen's ankle is healing slowly with the help of physical therapy, what career goal and related studies is Jack pursuing?
A.Jack is aiming to become a video game director and studying auction strategies.  
B.Jack is working towards becoming a shift supervisor and studying hospitality management.  
C.Jack is working towards becoming a hotel manager and studying management strategies.
D.Jack is pursuing a career as a travel blogger and studying photography techniques",26028,16k-32k
"Below are 8 facts. You need to sort these facts in chronological order. Requirements: Your output format must be numbers enclosed in parentheses without any other symbols or whitespace. For example: (1)(5)(2)(7)(3)(8)(6)(4)

(1) Evan took the Prius for a long drive to the mountains.
(2) Evan shared an image of a painting of a person on a cliff.
(3) Evan was at the gym recently and is gaining strength.
(4) Evan's painting emphasizes emotional state through expressive brushwork and vibrant colors.
(5) Evan took a photo of a kayak during a camping trip.
(6) Evan emphasized the importance of exercise alongside eating right.
(7) Evan uses a fitness watch to track his health progress.
(8) Evan is on a diet limiting himself to two ginger snaps a day.
",29268,16k-32k
"When Paul is getting into cooking more, what image is Sara sharing?
A.An image of a plate of tacos with a hand holding a lime.
B.An image of a veggie and tofu salad bowl with cherry tomatoes.  
C.An image of a vegetable stir-fry with tofu and soy sauce.
D.An image of a pizza with cheese and spinach in a p",23264,16k-32k
"During the time Jennifer Lofquist is collaborating with her partner on an art show, what activity related to art exploration did Sharon Gomes engage in?
A.Sharon Gomes visited art galleries in Iceland.
B.Sharon Gomes discussed art techniques with the artist.  
C.Sharon Gomes attended a local art fair.  
D.Sharon Gomes attended a watercolor workshop in Paris",12760,8k-16k
"When Muhhamed started playing Control, what was Akib using a GoPro to accomplish?
A.Akib used a GoPro to photograph a frozen waterfall.  
B.Akib used a GoPro to capture underwater footage.
C.Akib used a GoPro to record vibrant reefs.  
D.Akib used a GoPro to film a hiking adventur",69646,64k-128k
"Below are 8 facts. You need to sort these facts in chronological order. Requirements: Your output format must be numbers enclosed in parentheses without any other symbols or whitespace. For example: (1)(5)(2)(7)(3)(8)(6)(4)

(1) Molly focuses on nature and exploration in her art.
(2) Molly is fascinated by desert critters.
(3) Molly took a photograph of a desert with a road and mountains.
(4) Molly encourages Tom to keep visiting natural spots.
(5) Molly opened her art studio yesterday.
(6) Molly took a photograph of a sunset with palm trees and a pink sky.
(7) Tom shares a passion for nature and art with Molly.
(8) Molly is currently painting nature, focusing on leaf patterns and flower colors.
",22660,16k-32k
"What was the first significant achievement Carol's agency accomplished after she started seeking new clients in April?
A.Winning a local business excellence award.
B.Signing a contract with a regional art museum.  
C.Getting a new client, a local art gallery.
D.Landing a client for cartography workshops",25300,16k-32k
"For Fact1: Nebraas is impressed by Vanessa’s discipline for bodybuilding. and Fact2: Nebraas believes food is more important than exercise for health., which one happened earlier?  
A. Fact 1 happened earlier.  
B. Fact 2 happened earlier.  
C. They happen at almost the same time.",70805,64k-128k
"What did Jill's boss do to her in just 16 days after 12:00 am, December 19, 2022?  
A.Jill's boss increased her hours last Monday.
B.Jill's boss reduced her hours last Monday.  
C.Jill's boss offered her a promotion last Monday.
D.Jill's boss changed her clinic role last Monday",23397,16k-32k
"Which of the following are time expressions mentioned in the context? (Note: There may be one or more correct options. And the time expressions are mentioned directly or indirectly in the context.)
A. 2023
B. May 22, 2022
C. May 27, 2022
D. July 21, 2022",37660,32k-64k
When did Vanessa work in a field where she encounters entitled people?,85757,64k-128k
"What notable activities or discussions involving Ned occurred between December 2, 2022, at 19:24 and December 9, 2022, at 21:13, if Ned suggested online parking platforms to John instead of mentioning car dealers or enthusiasts?
A.Ned discussed kitchen gadgets purchased last month with John.  
B.Ned suggested renting a parking spot through a community board.
C.Ned mentioned his wife’s signature cookies might attract customers.  
D.Ned mentioned car dealers or enthusiasts might have ideas about parking spots",24255,16k-32k
"If Michelle Mateo had a VR session for her psychology studies on April 13, 2020, what activities related to books, photography, or technology did Michelle Mateo engage in between April 13, 2020, at 07:26:00 and April 14, 2020, at 07:26:00?
A.Michelle Mateo took a photo at a botanical garden.
B.Michelle Mateo shared an image of a person holding a book.
C.Michelle Mateo shared an image of a garden with a blue shed and a path.
D.Michelle Mateo joined a psych book clu",5231,0k-8k
"Which of the following two durations is longer? *Duration 1:* Between Audrey Marn uses watercolor pencils for painting. and Audrey Marn acknowledged the colors and brushstrokes in the painting ""Serenity in Chaos."" *Duration 2:* Between Rosalva Gischer is starting her own coding studio. and Rosalva Gischer is developing a virtual art gallery app for people with visual impairments.
A. Duration 1 is longer.
B. Duration 2 is longer.
C. The two durations are approximately the same length.",12394,8k-16k
"What has Nebraas adopted in just 14 years after 8:25 am, January 11, 2024?  
A.Nebraas adopted a calico cat named Latte, who is 6 years old.  
B.Nebraas adopted a gray cat named Moon, who is 6 years old.
C.Nebraas adopted a parrot named Sky, who is 2 years old.
D.Nebraas adopted a mixed-breed dog named Steve, who is 4 years old",70805,64k-128k
"For Fact1: Vanessa did not have work on 10.01.2024 and completed a gym session in the morning. and Fact2: Vanessa suggested her boss or personal trainer could help scare the person off., which one happened earlier?  
A. Fact 1 happened earlier.  
B. Fact 2 happened earlier.  
C. They happen at almost the same time.",70805,64k-128k
"What was the third activity Doug engaged in after retiring in March 2022?
A.Visiting Jazz Cafe in Sunset Hills.
B.Attending a classical music concert.  
C.Volunteering at a local shelter.
D.Renewing his car registrati",39334,32k-64k
"While John is busy with school and work, what kind of bedroom setup does Liam have?
A.Liam has a rehearsal setup with amplifiers and instruments.  
B.Liam has a studio setup with a guitar on the wall.  
C.Liam has a recording setup with microphones and mixers.
D.Liam has a cozy bed setup with blankets and pillows",12889,8k-16k
"For Fact1: Matt congratulated Tara on her surf competition invitation. and Fact2: Matt finds playing guitar therapeutic., which one happened earlier?  
A. Fact 1 happened earlier.  
B. Fact 2 happened earlier.  
C. They happen at almost the same time.",29727,16k-32k
"What was the duration between Jack helping hotel workers hit by the pandemic by organizing events and asking for donations and feeling overwhelmed and drained after the incident? (Please answer using natural time expressions that combine appropriate units based on duration length, e.g. ""2 months 4 days"" for 64 days or ""64 days"" for shorter spans)",26028,16k-32k
"What notable creative or personal endeavors did Alice engage in between August 21, 2022, at 06:10 and August 27, 2022?
A. Alice shared an image of a woman with a flower in her hair.
B. Alice finds peace and joy in watching sunsets.
C. Alice finished recording a song last Friday.
D. Alice wrapped up a fusion music recording",20573,16k-32k
"What significant activities or discussions were James and Samantha involved in between August 19, 2023, and August 23, 2023, if James visited the wildlife refuge on August 25, 2023?
A.James spent time with Whiskers last week.
B.James made vegan treats for Whiskers last week.
C.James visited a wildlife refuge last week.
D.James attended a vegan cooking class last week",19307,16k-32k
"How much time passed from Alex expressing appreciation for Kelly's support to advising balancing personal space and quality time in relationships? (Please answer using natural time expressions that combine appropriate units based on duration length, e.g. ""2 months 4 days"" for 64 days or ""64 days"" for shorter spans)",25164,16k-32k
What time did Calvin take a photo of Tokyo's night skyline?,35602,32k-64k
"For Fact1: Phil took a photograph of a group of people standing on top of a mountain. and Fact2: Phil's daughter had a fever last week., which one happened earlier?  
A. Fact 1 happened earlier.  
B. Fact 2 happened earlier.  
C. They happen at almost the same time.",25103,16k-32k
"Which of the following are time expressions mentioned in the context? (Note: There may be one or more correct options. And the time expressions are mentioned directly or indirectly in the context.)
A. October 12, 2023
B. January 25, 2023
C. 2024
D. May 25, 2023",36747,32k-64k
"What significant personal events or activities did Ned experience or participate in between October 2, 2022, and October 9, 2022, if Ned bought a new car for $20,000 on October 5, 2022?
A.Ned spent the weekend hiking with his dog and family.  
B.Ned celebrated his wedding anniversary.
C.Ned bought a new car for $20,000.
D.Ned bought kitchen gadgets",24255,16k-32k
"If Roy did not win an arm wrestling competition on July 22, 2023, what notable personal achievements or creative endeavors did Roy pursue between July 14, 2023, at 10:07 AM and July 22, 2023, at 8:05 AM?
A.Roy began teaching map-making workshops.
B.Roy made a map of a mountainous area.  
C.Roy took a photograph of a mountain scene during a hike.  
D.There is no answer",25300,16k-32k
"For Fact1: John’s team has seen growth in communication and bonding. and Fact2: John uses an app for language learning., which one happened earlier?  
A. Fact 1 happened earlier.  
B. Fact 2 happened earlier.  
C. They happen at almost the same time.",39823,32k-64k
"At the same time as Ellen finds yoga helpful for her body and mind, what is Jack describing in his game development efforts?
A.Jack describes ""Cosmic Quest"" as an open-world game about space exploration.
B.Jack describes the remastered ""Ocarina of Time"" as a classic adventure game.  
C.Jack describes ""Galactic Wars"" as a multiplayer online battle arena.
D.Jack describes ""Far Cry 5"" as a survival game set in a rural landscap",26028,16k-32k
"What insights or plans did Kevin share regarding health and leisure activities between 13:17:36 and 13:21:23 on December 30, 2023, if he recommended prolonged sun exposure during that time?
A.Kevin planned a waterpark visit for leisure.  
B.There is no answer.
C.Kevin recommended 30 minutes of daily sunbathing.
D.Kevin discussed sunlight benefits but advised cauti",38789,32k-64k
"How much time passed from Jolene is having a hard time dealing with her Engineering assignments to Deborah shared a photo of a living room with a couch and a fireplace? (Please answer using natural time expressions that combine appropriate units based on duration length, e.g. ""2 months 4 days"" for 64 days or ""64 days"" for shorter spans)",36747,32k-64k
"What significant events or decisions involving John occurred between May 11, 2022, and July 22, 2022, if John joined the refrigerated box truck team on July 15, 2022?
A.John purchased a new truck.
B.John asked for easy trail tips.
C.John got a raise at work.
D.John found a mechanic through a forum",23397,16k-32k
"What notable activities or interests did Paola engage in or pursue between 01:06:12 and 02:15:13 on January 17, 2024, if she did not recommend Olympic National Park, Multnomah Falls, Pike Place Market, or Portland for a trip to the Pacific Northwest?
A.Paola attended a classical music concert.
B.There is no answer.
C.Paola had a surprise quiz in math class.  
D.Paola advised packing gear for national parks",41192,32k-64k
"How long was it from John owning a bookshelf filled with books and a guitar to recommending studying opening moves and strategies, learning from experienced players, and analyzing past games to improve in chess? (Please answer using natural time expressions that combine appropriate units based on duration length, e.g. ""2 months 4 days"" for 64 days or ""64 days"" for shorter spans)",37660,32k-64k
"Which of the following two durations is longer? *Duration 1:* Between Audrey owns four dogs. and Andrew hiked with friends. *Duration 2:* Between Andrew is a newbie to rock climbing. and Audrey’s oldest pet is relaxed.
A. Duration 1 is longer.
B. Duration 2 is longer.
C. The two durations are approximately the same length.",39124,32k-64k
When was Andrew reminded of Audrey’s earlier mention of missing nature?,39124,32k-64k
"Which of the following are time expressions mentioned in the context? (Note: There may be one or more correct options. And the time expressions are mentioned directly or indirectly in the context.)
A. 2020
B. May 15, 2022
C. September 6, 2022
D. July, 2022",20573,16k-32k
"What was Akib's third activity during his winter fishing trip on January 15?
A.Building a fire to stay warm.
B.Using fresh bait to attract large fish.  
C.Using a GoPro to capture underwater footage.
D.Observing vibrant reefs despite inactive beac",69646,64k-128k
"Which of the following are time expressions mentioned in the context? (Note: There may be one or more correct options. And the time expressions are mentioned directly or indirectly in the context.)
A. April 10, 2020
B. March 10, 2020
C. 2018
D. April 27, 2020",12760,8k-16k
"What was Doug's most recent activity before he mentioned the movie ""Easy Rider.""?  
A.Doug watched old movies and felt nostalgia for his hippie days.
B.Doug attended a classical music concert and reminisced about his youth.  
C.Doug painted a countryside landscape and reflected on his artistic growth.
D.Doug found classical music albums and felt inspired by their compositions",39334,32k-64k
"Which of the following are time expressions mentioned in the context? (Note: There may be one or more correct options. And the time expressions are mentioned directly or indirectly in the context.)
A. March 24, 2020
B. 1980
C. April 15, 2020
D. February 3, 2020",5231,0k-8k
"Which of the following are time expressions mentioned in the context? (Note: There may be one or more correct options. And the time expressions are mentioned directly or indirectly in the context.)
A. 2011
B. September 30, 2022
C. March 15, 2023
D. October 15, 2022",24255,16k-32k
"Which of the following are time expressions mentioned in the context? (Note: There may be one or more correct options. And the time expressions are mentioned directly or indirectly in the context.)
A. March 10, 2023
B. May 10, 2023
C. May 12, 2023
D. 2021",21052,16k-32k
"What was the third activity Jeff engaged in related to drumming after purchasing his drum set in February 2022?
A.Learning to play the drums.  
B.Attending a drum circle recently.  
C.Having a jam session with friends.
D.Performing at a local music venu",27287,16k-32k
"Which of the following two durations is longer? *Duration 1:* Between Nate’s turtles have different personalities, with one being more adventurous and the other more reserved. and Joanna lost all her work due to the laptop crash. *Duration 2:* Between Joanna joined a writers group. and Joanna finished a presentation for producers.
A. Duration 1 is longer.
B. Duration 2 is longer.
C. The two durations are approximately the same length.",34684,32k-64k
"What was Nebraas's most recent educational activity before 9:53 pm, January 10, 2024?  
A.Nebraas is in college.
B.Nebraas is studying to become a doctor.  
C.Nebraas is in high school.
D.Nebraas works in a bubble tea shop",92853,64k-128k
"Which of the following two durations is longer? *Duration 1:* Between Sara listened to ""Octavarium"" by Dream Theater. and Sara has started using nutritional yeast in her cooking. *Duration 2:* Between Paul took a photo of the stage at the Dream Theater concert. and Paul forgot to buy flour last week.
A. Duration 1 is longer.
B. Duration 2 is longer.
C. The two durations are approximately the same length.",23264,16k-32k
"What notable activities or interests did Doug pursue between November 11, 2022, at 14:41 and December 11, 2022, at 09:29?
A. Doug shared a photo of a green car parked on a brick road.
B. Doug started playing guitar at age 16.
C. Doug went shopping for clothes and car posters.
D. Doug owns a stereo system with a record player",39334,32k-64k
"Which of the following two durations is longer? *Duration 1:* Between Caroline feels accepted and has gained courage to embrace herself. and Caroline attended an LGBTQ+ counseling workshop last Friday. *Duration 2:* Between Caroline admired the photo of Melanie and her child on a trail. and Caroline shared her struggles and growth since coming out.
A. Duration 1 is longer.
B. Duration 2 is longer.
C. The two durations are approximately the same length.",26398,16k-32k
"During Fahim Khan’s big book challenge to finish 52 books of 500+ pages in a year, what did Muhhamed do to reignite his reading habit after a long slump?
A.Muhhamed picked up ""11/22/63"" to get back into reading after a long slump.  
B.Muhhamed started a book club to reignite his reading habit after a long slump.
C.Muhhamed picked up ""A Little Life"" to get back into reading after a long slump.
D.Muhhamed began reading ""Vinland Saga"" to reignite his reading habit after a slump",52354,32k-64k
"For Fact1: John made an apple pie for his kids. and Fact2: Maria takes notes about local politics in her notebook., which one happened earlier?  
A. Fact 1 happened earlier.  
B. Fact 2 happened earlier.  
C. They happen at almost the same time.",39257,32k-64k
"While Jeff supports reducing waste, recycling, and environmental conservation, what collaborative initiative is Megan’s non-profit engaged in with local organizations?
A.Megan’s non-profit partners with local organizations on clean-up drives.
B.Megan’s non-profit collaborates with schools on environmental education programs.  
C.Megan’s non-profit organizes tree-planting campaigns with local groups.
D.Megan’s non-profit partners with local organizations on recycling workshops",27287,16k-32k
"What notable observations or experiences did Akib have between 03:02:07 and 03:05:03 on January 11, 2024?
A. Akib considers bananas better for health than mangos due to less sugar and higher potassium.
B. Akib mentions not purchasing the DLC for Pokémon Scarlet and Violet.
C. Akib went to bed late and felt sluggish.
D. Akib feels pain when scratching his ear",69646,64k-128k
"For Fact1: Molly recently visited Zion National Park. and Fact2: Molly sold some of her artwork at a show., which one happened earlier?  
A. Fact 1 happened earlier.  
B. Fact 2 happened earlier.  
C. They happen at almost the same time.",22660,16k-32k
"Which of the following two durations is longer? *Duration 1:* Between Liam is practicing and hustling for more gigs. and Liam is working on promoting the EP and growing the band's fanbase. *Duration 2:* Between John noticed Liam’s red scarf. and Liam's new apartment is closer to his band's rehearsal studio.
A. Duration 1 is longer.
B. Duration 2 is longer.
C. The two durations are approximately the same length.",12889,8k-16k
"What recommendations did Kylie make to Tiffany between April 8, 2022, at 12:41 PM and April 17, 2022, at 12:48 PM?
A. Kylie sets boundaries to balance her duties and personal time.
B. Kylie suggested Tiffany take art classes.
C. Kylie finds it hard to stay on top of her responsibilities and tasks.
D. Kylie suggested Tiffany seek guidance from a career counselor",40676,32k-64k
"If George Wells ran the seminar on environmental sustainability solutions on May 17, 2020, what notable events or activities was George Wells involved in between May 10, 2020 and May 16, 2020?
A.George Wells ran a seminar on environmental sustainability solutions.  
B.There is no answer.
C.George Wells organized a community tree-planting event.
D.George Wells volunteered at a beach cleanup for environmental conservati",12555,8k-16k
"What has Gina combined in her store in just 12 days before 2:35 pm, March 16, 2023? 
A.Gina combines her love for dance and fashion in her store.
B.Gina combines local art and fashion in her store.  
C.Gina combines dance and business in her store.  
D.Gina combines vintage and modern fashion in her stor",21052,16k-32k
"For Fact1: Rosalva Gischer has a photograph of a wall with origami hanging on it. and Fact2: Audrey Marn recommends Pine Ridge Trail in the national park for hiking., which one happened earlier?  
A. Fact 1 happened earlier.  
B. Fact 2 happened earlier.  
C. They happen at almost the same time.",12394,8k-16k
"For Fact1: Emi mentioned hair tips discussed the previous day. and Fact2: Emi advised Elise to stay hydrated, wear comfortable clothing, avoid heavy meals before class, and listen to her body., which one happened earlier?  
A. Fact 1 happened earlier.  
B. Fact 2 happened earlier.  
C. They happen at almost the same time.",40919,32k-64k
"How long was it from Dave working on a car project to having a garage with a car and a Coca-Cola sign? (Please answer using natural time expressions that combine appropriate units based on duration length, e.g. ""2 months 4 days"" for 64 days or ""64 days"" for shorter spans)",35602,32k-64k
"What was the third health issue Nicolas encountered in January 2024?
A.Suffering from food poisoning.  
B.Experiencing severe COVID symptoms.  
C.Breaking his arm.
D.Having his stomach pumped",85757,64k-128k
"Which of the following are time expressions mentioned in the context? (Note: There may be one or more correct options. And the time expressions are mentioned directly or indirectly in the context.)
A. October 4, 2021
B. December 12, 2021
C. October 25, 2022
D. 2021",39334,32k-64k
"What unique or noteworthy activities did Joan engage in between July 11, 2022, and July 21, 2022, if Joan participated in a beach clean-up on July 15, 2022?
A.Joan is baking a rainbow smoothie.  
B.Joan is allergic to dairy.
C.Joan is allergic to seafood.
D.Joan is volunteering twice a week",17621,16k-32k
When did Sara listen to Dream Theater?,23264,16k-32k
"How long was it between Mia going to the beach over the weekend and Angela attending lectures about the value of science research? (Please answer using natural time expressions that combine appropriate units based on duration length, e.g. ""2 months 4 days"" for 64 days or ""64 days"" for shorter spans)",25513,16k-32k
"How long was it from Phil's father being hospitalized last Friday to Cheryl's mom doing better and getting stronger? (Please answer using natural time expressions that combine appropriate units based on duration length, e.g. ""2 months 4 days"" for 64 days or ""64 days"" for shorter spans)",25103,16k-32k
"What was Sam's most recent activity before 7:52 pm, August 07, 2023?  
A.Sam is reducing soda and candy intake.  
B.Sam had a recent check-up with his doctor.  
C.Sam is working on health and getting active.
D.Sam began attending yoga classes",29268,16k-32k
"What notable events or interactions involving Cheryl occurred between February 3, 2023, and March 3, 2023?
A. Phil asked about Cheryl’s ankle injury.
B. Cheryl took a photograph of a person standing in front of a waterfall.
C. Cheryl shared a photograph of a thank-you card with a vase of flowers on it.
D. Cheryl’s mom had surgery",25103,16k-32k
"Which of the following two durations is longer? *Duration 1:* Between Mia treasures a collage of her and her partners. and Angela's brother got sick with a cold last year. *Duration 2:* Between Mia completed a 5k charity walk in a bit over two hours. and Mia shared a photography of a campfire with a tent in the background from a camping trip last month.
A. Duration 1 is longer.
B. Duration 2 is longer.
C. The two durations are approximately the same length.",25513,16k-32k
"What was the time interval between Andrew sharing a story about Toby chasing a squirrel at the dog park and Andrew contacting landlords and checking neighborhoods for housing? (Please answer using natural time expressions that combine appropriate units based on duration length, e.g. ""2 months 4 days"" for 64 days or ""64 days"" for shorter spans)",39124,32k-64k
"What was the third business-related activity Jon pursued after losing his banking job in early 2023?
A.Teaming up with a local artist for designs.  
B.Focusing on floor quality and size for his dance studio.
C.Searching for a place to open a dance studio.  
D.Applying for a small business gr",21052,16k-32k
"How much time passed from Vanessa asking where Nicolas found the cat to mentioning Gordon Ramsay’s grilled cheese was not grilled? (Please answer using natural time expressions that combine appropriate units based on duration length, e.g. ""2 months 4 days"" for 64 days or ""64 days"" for shorter spans)",85757,64k-128k
"What personal gestures or activities did Cheryl engage in between May 4, 2023, at 05:26:00 and May 5, 2023, at 05:01:00?
A. Cheryl teaches gardening to her neighbor's kid.
B. Cheryl sent her best friend from childhood a bouquet of pink roses.
C. Cheryl is wearing an ankle brace for support.
D. Cheryl shared a photograph of a thank-you card with a vase of flowers on i",25103,16k-32k
"What notable interactions or statements did Nicolas make between 2024-01-14 01:16:38 and 2024-01-14 01:19:53?
A. Nicolas asked if she would forgive him.
B. Nicolas takes melatonin 2 hours prior to bed.
C. Nicolas jokingly accused Nebraas of being hired by Big Cereal.
D. Nicolas mentioned he couldn’t back out due to commitm",92853,64k-128k
"While Megan and her kids were hunting for seashells at the beach, what outdoor activity was Diana participating in by the lake?
A.Diana went kayaking with her friends by the lake.
B.Diana went fishing with her family by the lake.
C.Diana went hiking with her friends by the lake.  
D.Diana went paddleboarding with her friends by the lak",19803,16k-32k
"Which of the following two durations is longer? *Duration 1:* Between Steven visited The Diner on Main Street last week. and John watched the new Fast and Furious movie. *Duration 2:* Between Steven has a drawer full of tools. and John went fishing with a group and caught 6 fish.
A. Duration 1 is longer.
B. Duration 2 is longer.
C. The two durations are approximately the same length.",15115,8k-16k
"What was the time interval between Gina having an interview for a design internship and combining her love for dance and fashion in her store? (Please answer using natural time expressions that combine appropriate units based on duration length, e.g. ""2 months 4 days"" for 64 days or ""64 days"" for shorter spans)",21052,16k-32k
"While Amy is training for a race, what is Emily doing at the flea market?
A.Looking for running club gear.  
B.Buying a new running backpack.  
C.Browsing vintage hiking boots.
D.Eying a black and white baseball cap",17666,16k-32k
"What has John supported in just 14 years after 8:07 pm, December 17, 2022?
A.John supports truck drivers' rights advocacy.  
B.John supports the New York Yankees baseball team.
C.John supports the city council's new policies.  
D.John supports the Atlanta Braves baseball team",23397,16k-32k
"What aspects of Kylie’s personal life and routines were highlighted between August 17, 2022, and September 4, 2022?
A. Kylie expressed gratitude for Tiffany’s friendship.
B. Kylie runs for 30 minutes three times a week.
C. Kylie is responsible for rent and cleaning.
D. Kylie's primary self-care remedy is running",40676,32k-64k
"Which of the following two durations is longer? *Duration 1:* Between Jeff had a jam session with friends the night before April 20, 2022. and Jeff was diagnosed with diabetes 5 years ago. *Duration 2:* Between Jeff got into photography in March 2022. and Jeff acquired two other dogs named Bailey and Luna.
A. Duration 1 is longer.
B. Duration 2 is longer.
C. The two durations are approximately the same length.",27287,16k-32k
When did Audrey believe her dogs are quick learners and love rewards?,39124,32k-64k
"During the time Megan was at the library with her kids, what personal collection does Diana maintain?
A.Diana has a collection of vintage scarves.
B.Diana has a collection of survival kits.  
C.Diana has a collection of books.
D.Diana has a collection of pumpkins",19803,16k-32k
"What was the third basketball-related activity Matt engaged in after joining the team?
A.Participating in a basketball tournament last Saturday.  
B.Playing basketball with his team.  
C.Practicing free throws every morning.
D.Playing basketball with his friends",29727,16k-32k
"What was the third activity Michelle Mateo engaged in after beginning her Masters in Psychology?
A.Attending a VR session for her psychology studies.  
B.Attending a psychology conference.
C.Giving a presentation at a psychology conference.  
D.Volunteering at a community outreach program",5231,0k-8k
"What was John's most recent activity after John attends car shows and events to meet other car lovers?  
A.John visited a motorcycle showroom.
B.John watched the new Fast and Furious movie.  
C.John purchased a red scarf at the market.
D.John attended a car show in Milwauk",15115,8k-16k
"What significant personal and professional endeavors was India Brown engaged in between March 18, 2020, and March 24, 2020, if she began teaching art at the orphanage in Cambodia on March 15, 2020?
A.India Brown is learning Italian and German in Europe.  
B.India Brown is teaching art at an orphanage in Cambodia.
C.India Brown is exhibiting her artwork at a local gallery.
D.India Brown is providing travel tips for Thailand, Italy, and Australi",11593,8k-16k
What time did Emi mention that some 'Suits' characters were together at the Golden Globes?,40919,32k-64k
"Which of the following two durations is longer? *Duration 1:* Between Evan shared news of his marriage with his extended family. and Evan apologized for the incident and the person was understanding. *Duration 2:* Between Sam is getting into a healthier lifestyle. and Evan shared an image of a painting of a person on a cliff.
A. Duration 1 is longer.
B. Duration 2 is longer.
C. The two durations are approximately the same length.",29268,16k-32k
"What was the third new cooking practice Sara adopted after switching to a vegetarian diet?
A.Experimenting with cauliflower pizza.  
B.Starting to make quinoa salads.  
C.Starting to use nutritional yeast.
D.Switching to vegan chees",23264,16k-32k
"What was the second Radiohead concert Carol attended?
A.Attending a Radiohead concert in 2016.
B.Attending a Radiohead concert last summer.
C.Attending a Radiohead concert ten years ago.  
D.Attending a Radiohead concert with friends and neighbors in Augus",25300,16k-32k
When did Kelly have a great day with her sister?,25164,16k-32k
"For Fact1: Paul attended a Dream Theater concert in March 2023. and Fact2: Sara shared an image of a plate of tacos with a hand holding a lime., which one happened earlier?  
A. Fact 1 happened earlier.  
B. Fact 2 happened earlier.  
C. They happen at almost the same time.",23264,16k-32k
"What notable activities or interests did Kevin engage in or discuss between 21:34:15 and 21:40:30 on January 14, 2024, if Kevin became a dedicated supporter of the Lions on January 14, 2024, at 9:41:30 pm?
A.Kevin shared an image of a steak dinner with mashed potatoes.
B.Kevin shared an image of a protein shake, fruit, and a granola bar.  
C.Kevin shared an image of a friend’s birthday celebration with macarons.  
D.Kevin shared an image of a meal with salmon, vegetables, and a salad",40099,32k-64k
"For Fact1: Roy is working on new pieces for the upcoming art show. and Fact2: Roy believes expressing oneself through art helps in connecting with oneself and others., which one happened earlier?  
A. Fact 1 happened earlier.  
B. Fact 2 happened earlier.  
C. They happen at almost the same time.",25300,16k-32k
"At the same time as Megan works at a non-profit, what is Jeff doing to relax?
A.Jeff plays drums to relax.  
B.Jeff paints sunsets to relax.  
C.Jeff practices yoga to relax.
D.Jeff takes hot baths with essential oils to relax",27287,16k-32k
"What activities did Megan engage in between February 18, 2022, at 10:22 AM and February 22, 2022, at 6:19 AM, if she saved a stray dog named Lucy on February 21, 2022?
A.Megan adopted a corgi named Layla.
B.Megan organized a charity event for kids.  
C.Megan saved a stray dog named Lucy.
D.Megan practiced yoga to find z",27287,16k-32k
"What was the third event Dave participated in after restoring a classic car in 2022?
A.Attended a music festival in Boston.
B.Competed in a car race event.
C.Opened a car maintenance shop.  
D.Teamed up with a local garag",35602,32k-64k
"For Fact1: Kevin notes the contrast between Elise’s natural brunette hair and her blonde hair. and Fact2: Kevin expressed appreciation for Elise's recommendation of a peppermint latte., which one happened earlier?  
A. Fact 1 happened earlier.  
B. Fact 2 happened earlier.  
C. They happen at almost the same time.",38789,32k-64k
"What notable activities or interests did Megan engage in or express between June 14, 2022, at 08:29:00 and June 18, 2022, at 15:34:00?
A. Megan shares an image of two people riding horses through a forest.
B. Megan’s non-profit partners with local organizations on clean-up drives.
C. Megan finds nature calming and joyful.
D. Megan works at a non-profi",27287,16k-32k
"For Fact1: Megan's father has a notebook with drum notations. and Fact2: Jeff acquired two other dogs named Bailey and Luna., which one happened earlier?  
A. Fact 1 happened earlier.  
B. Fact 2 happened earlier.  
C. They happen at almost the same time.",27287,16k-32k
"Which of the following two durations is longer? *Duration 1:* Between Kevin tried yoga poses recommended by Paola, including downward dog, tree pose, and sun salutation sequence. and Kevin mentioned a rooftop lounge in Salt Lake City with a city skyline. *Duration 2:* Between Paola does not have personal experience with specific hiking spots. and Kevin made food with his mom a week ago.
A. Duration 1 is longer.
B. Duration 2 is longer.
C. The two durations are approximately the same length.",40099,32k-64k
When did Joan adopt two rescue cats named Midnight and Luna?,17621,16k-32k
"What was the third academic-related activity Paola engaged in after finishing school on January 9th?
A.Completing a law school assignment.  
B.Drafting a property sale agreement.  
C.Researching case studies in contract law.
D.Writing a contract for a house deal",40099,32k-64k
"What notable activities or changes did Ellen engage in or experience regarding her home and personal interests between July 12, 2023, at 05:00:00 and July 15, 2023, at 10:03:00?
A. Ellen is keeping a positive attitude during her recovery.
B. Ellen added a doll with a hat and a blue dress to her collection.
C. Ellen displays her dolls and antique items in her house.
D. Ellen has a living room with a couch and a bookshel",26028,16k-32k
"While Megan finds riding horses a way to escape stress and connect with nature, what therapeutic activity is Jeff engaged in to manage his emotions?
A.Jeff finds practicing yoga therapeutic and uses it to process emotions.
B.Jeff finds walking his dogs therapeutic and uses it to process emotions.  
C.Jeff finds drumming therapeutic and uses it to process emotions.
D.Jeff finds painting sunsets therapeutic and uses it to process emotions",27287,16k-32k
When did James prepare an omelette and meringue at the cooking class?,37660,32k-64k
"During the time when Matt’s cat Mater was sick last Friday, what culinary activity was Tara engaged in?
A.Tara cooked a chicken stir-fry with veggies.
B.Tara tried a veggie stir-fry recipe.
C.Tara baked a chocolate cake.
D.Tara made a cauliflower crust pizz",29727,16k-32k
"What significant events or activities did Rosalva Gischer participate in between March 10, 2020, and April 5, 2020?
A. Rosalva Gischer started her freshman year at university studying computer science.
B. Rosalva Gischer spent 30 minutes making an origami crane.
C. Rosalva Gischer attended a tech conference.
D. Rosalva Gischer attended a tech expo last week",12394,8k-16k
"Which of the following two durations is longer? *Duration 1:* Between Kelly treasures moments spent with family. and Kelly went shopping with her sister. *Duration 2:* Between Kelly suggested Bananagrams as a new game to try. and Kelly’s bedroom has light blue walls.
A. Duration 1 is longer.
B. Duration 2 is longer.
C. The two durations are approximately the same length.",25164,16k-32k
"What interactions or interests did John engage in or pursue between July 24, 2022, and September 18, 2022?
A. John attends car shows and events to meet other car lovers.
B. John is thinking about customizing his car with blue paint and decals.
C. John watched the season finale of ""Game of Thrones"" and ate mac and cheese he cooked.
D. Steven asked John for tips on buying a Harley",15115,8k-16k
"What were some of the notable activities and preparations Diana was involved in between July 16, 2022, and August 4, 2022?
A. Megan will look up kayaking spots and get back to Diana.
B. Diana has a survival kit.
C. Diana volunteered for a community cleanup day last weekend.
D. Diana attended a comedy show with friends last week",19803,16k-32k
"What has Nicolas experienced in just 22 years before 11:49 pm, January 09, 2024?
A.Nicolas feels confident during interviews due to his skincare routine.  
B.Nicolas finds recorded video interviews annoying despite completing them.  
C.Nicolas avoids interviews by focusing on his culinary career.
D.Nicolas feels anxious during interviews despite taking anxiety medicati",85757,64k-128k
"What has Rosalva Gischer acquired in just 7 months before 12:00 am, April 09, 2020?  
A.Rosalva Gischer acquired a homemade chocolate cake recently.  
B.Rosalva Gischer acquired a vintage record player recently.
C.Rosalva Gischer acquired an old classic novel recently.  
D.Rosalva Gischer acquired a vintage console recently",12394,8k-16k
When did Steven drive his motorcycle to a friend’s house two days ago?,15115,8k-16k
"For Fact1: Charlie went on vacation to Juparana lake. and Fact2: Charlie is working on restoring a '67 Impala., which one happened earlier?  
A. Fact 1 happened earlier.  
B. Fact 2 happened earlier.  
C. They happen at almost the same time.",39334,32k-64k
